Id,Lower,Higher
0,a,A
1,abandon,Abandon
2,ability,Ability
3,able,Able
4,about,About
5,about,About
6,above,Above
7,above,Above
8,abroad,Abroad
9,absence,Absence
10,absent,Absent
11,absolute,Absolute
12,abstract,Abstract
13,abstract,Abstract
14,abuse,Abuse
15,abuse,Abuse
16,abusive,Abusive
17,academic,Academic
18,accept,Accept
19,acceptable,Acceptable
20,acceptance,Acceptance
21,access,Access
22,access,Access
23,accident,Accident
24,accompany,Accompany
25,according+to,According+to
26,account,Account
27,account,Account
28,accountant,Accountant
29,accurate,Accurate
30,accuse,Accuse
31,ache,Ache
32,ache,Ache
33,achieve,Achieve
34,acquire,Acquire
35,acquit,Acquit
36,across,Across
37,across,Across
38,act,Act
39,act,Act
40,action,Action
41,active,Active
42,activity,Activity
43,actor,Actor
44,actress,Actress
45,actual,Actual
46,actually,Actually
47,adapt,Adapt
48,add,Add
49,addition,Addition
50,additional,Additional
51,address,Address
52,address,Address
53,adequate,Adequate
54,adjourn,Adjourn
55,adjust,Adjust
56,administration,Administration
57,admiration,Admiration
58,admire,Admire
59,admission,Admission
60,admit,Admit
61,adopt,Adopt
62,adoption,Adoption
63,adult,Adult
64,adult,Adult
65,advance,Advance
66,advance,Advance
67,advantage,Advantage
68,adventure,Adventure
69,adventurous,Adventurous
70,advertise,Advertise
71,advertisement,Advertisement
72,advice,Advice
73,advise,Advise
74,affair,Affair
75,affect,Affect
76,affection,Affection
77,affectionate,Affectionate
78,afford,Afford
79,afraid,Afraid
80,after,After
81,after,After
82,after,After
83,afternoon,Afternoon
84,again,Again
85,against,Against
86,age,Age
87,age,Age
88,agency,Agency
89,agent,Agent
90,aggravation,Aggravation
91,aggressive,Aggressive
92,ago,Ago
93,agree,Agree
94,agreement,Agreement
95,agriculture,Agriculture
96,ahead,Ahead
97,aid,Aid
98,aid,Aid
99,aim,Aim
100,aim,Aim
101,air,Air
102,airtrafficcontroller,Airtrafficcontroller
103,airplane,Airplane
104,airport,Airport
105,aisle,Aisle
106,alarm,Alarm
107,alarm,Alarm
108,alert,Alert
109,alert,Alert
110,alert,Alert
111,alibi,Alibi
112,alimony,Alimony
113,alive,Alive
114,all,All
115,all,All
116,all,All
117,allright,Allright
118,allright,Allright
119,allergy,Allergy
120,allow,Allow
121,allowance,Allowance
122,almost,Almost
123,alone,Alone
124,alone,Alone
125,along,Along
126,along,Along
127,alphabet,Alphabet
128,already,Already
129,also,Also
130,alter,Alter
131,alternative,Alternative
132,alternative,Alternative
133,although,Although
134,altogether,Altogether
135,always,Always
136,amateur,Amateur
137,amaze,Amaze
138,ambition,Ambition
139,ambitious,Ambitious
140,among,Among
141,amount,Amount
142,amount,Amount
143,an,An
144,analogy,Analogy
145,analysis,Analysis
146,analyze,Analyze
147,and,And
148,anger,Anger
149,anger,Anger
150,anger,Anger
151,angle,Angle
152,angry,Angry
153,anguish,Anguish
154,animal,Animal
155,ankle,Ankle
156,announce,Announce
157,annoy,Annoy
158,annoying,Annoying
159,annual,Annual
160,annually,Annually
161,another,Another
162,another,Another
163,answer,Answer
164,answer,Answer
165,antihistamine,Antihistamine
166,anxiety,Anxiety
167,anxious,Anxious
168,any,Any
169,any,Any
170,any,Any
171,anybody,Anybody
172,anyone,Anyone
173,anything,Anything
174,anyway,Anyway
175,anywhere,Anywhere
176,apart,Apart
177,apartment,Apartment
178,apologize,Apologize
179,apology,Apology
180,apparent,Apparent
181,apparently,Apparently
182,appeal,Appeal
183,appeal,Appeal
184,appear,Appear
185,appearance,Appearance
186,appetite,Appetite
187,apple,Apple
188,application,Application
189,apply,Apply
190,appoint,Appoint
191,appreciate,Appreciate
192,approach,Approach
193,approach,Approach
194,appropriate,Appropriate
195,approval,Approval
196,approve,Approve
197,approximate,Approximate
198,approximate,Approximate
199,April,April
200,apt,Apt
201,aquifer,Aquifer
202,arch,Arch
203,arch,Arch
204,architect,Architect
205,area,Area
206,arena,Arena
207,argue,Argue
208,argument,Argument
209,arm,Arm
210,arm,Arm
211,arm,Arm
212,armpit,Armpit
213,army,Army
214,around,Around
215,around,Around
216,arrange,Arrange
217,arrangement,Arrangement
218,arrest,Arrest
219,arrest,Arrest
220,arrest,Arrest
221,arrival,Arrival
222,arrive,Arrive
223,arrow,Arrow
224,art,Art
225,article,Article
226,artificial,Artificial
227,artist,Artist
228,artistic,Artistic
229,as,As
230,as,As
231,as,As
232,ashamed,Ashamed
233,aside,Aside
234,ask,Ask
235,asleep,Asleep
236,aspirin,Aspirin
237,assignment,Assignment
238,assist,Assist
239,assistant,Assistant
240,associate,Associate
241,associate'sdegree,Associate'sdegree
242,assume,Assume
243,assure,Assure
244,at,At
245,athlete,Athlete
246,athletic,Athletic
247,atmosphere,Atmosphere
248,attach,Attach
249,attack,Attack
250,attack,Attack
251,attempt,Attempt
252,attempt,Attempt
253,attend,Attend
254,attention,Attention
255,attitude,Attitude
256,attorney,Attorney
257,attorney,Attorney
258,attract,Attract
259,attraction,Attraction
260,attractive,Attractive
261,audience,Audience
262,August,August
263,aunt,Aunt
264,author,Author
265,authority,Authority
266,automatic,Automatic
267,automobile,Automobile
268,autumn,Autumn
269,available,Available
270,avenue,Avenue
271,average,Average
272,average,Average
273,avoid,Avoid
274,awake,Awake
275,awake,Awake
276,award,Award
277,award,Award
278,aware,Aware
279,away,Away
280,away,Away
281,baby,Baby
282,bachelor'sdegree,Bachelor'sdegree
283,back,Back
284,back,Back
285,back,Back
286,back,Back
287,backboard,Backboard
288,backhand,Backhand
289,backward,Backward
290,backward,Backward
291,bacterium,Bacterium
292,bad,Bad
293,badly,Badly
294,bag,Bag
295,baggage,Baggage
296,baggage,Baggage
297,bake,Bake
298,balance,Balance
299,balance,Balance
300,ball,Ball
301,band,Band
302,bandage,Bandage
303,bandage,Bandage
304,bang,Bang
305,bank,Bank
306,banker,Banker
307,bankrupt,Bankrupt
308,bankrupt,Bankrupt
309,bankrupt,Bankrupt
310,bankruptcy,Bankruptcy
311,bar,Bar
312,barber,Barber
313,bare,Bare
314,bark,Bark
315,bark,Bark
316,barn,Barn
317,barometer,Barometer
318,barrier,Barrier
319,bartender,Bartender
320,base,Base
321,base,Base
322,baseball,Baseball
323,baseball,Baseball
324,basic,Basic
325,basically,Basically
326,basis,Basis
327,basket,Basket
328,basketball,Basketball
329,bath,Bath
330,bathe,Bathe
331,bathroom,Bathroom
332,batter,Batter
333,battery,Battery
334,battle,Battle
335,be,Be
336,beach,Beach
337,beak,Beak
338,bean,Bean
339,bear,Bear
340,beard,Beard
341,beat,Beat
342,beat,Beat
343,beautiful,Beautiful
344,beauty,Beauty
345,because,Because
346,become,Become
347,bed,Bed
348,beef,Beef
349,before,Before
350,before,Before
351,before,Before
352,beg,Beg
353,begin,Begin
354,beginning,Beginning
355,behalf,Behalf
356,behave,Behave
357,behavior,Behavior
358,behind,Behind
359,behind,Behind
360,belief,Belief
361,believe,Believe
362,bell,Bell
363,belong,Belong
364,below,Below
365,below,Below
366,belt,Belt
367,bench,Bench
368,bend,Bend
369,bend,Bend
370,beneath,Beneath
371,beneath,Beneath
372,benefit,Benefit
373,beside,Beside
374,besides,Besides
375,besides,Besides
376,best,Best
377,best,Best
378,best,Best
379,bet,Bet
380,bet,Bet
381,better,Better
382,better,Better
383,between,Between
384,beyond,Beyond
385,beyond,Beyond
386,bible,Bible
387,bibliography,Bibliography
388,bicycle,Bicycle
389,bid,Bid
390,bid,Bid
391,big,Big
392,bill,Bill
393,bill,Bill
394,bind,Bind
395,biodegradable,Biodegradable
396,biodiversity,Biodiversity
397,biology,Biology
398,bird,Bird
399,birth,Birth
400,bit,Bit
401,bite,Bite
402,bite,Bite
403,bitter,Bitter
404,black,Black
405,black,Black
406,blade,Blade
407,blame,Blame
408,blame,Blame
409,blank,Blank
410,blank,Blank
411,blanket,Blanket
412,bleed,Bleed
413,blend,Blend
414,blind,Blind
415,blind,Blind
416,blizzard,Blizzard
417,block,Block
418,block,Block
419,blond,Blond
420,blond,Blond
421,blood,Blood
422,blow,Blow
423,blow,Blow
424,blue,Blue
425,blue,Blue
426,board,Board
427,board,Board
428,board,Board
429,boardingpass,Boardingpass
430,boast,Boast
431,boat,Boat
432,body,Body
433,boil,Boil
434,bold,Bold
435,bomb,Bomb
436,bomb,Bomb
437,bond,Bond
438,bond,Bond
439,bone,Bone
440,bonus,Bonus
441,book,Book
442,bookkeeper,Bookkeeper
443,boot,Boot
444,border,Border
445,border,Border
446,bore,Bore
447,boredom,Boredom
448,born,Born
449,borrow,Borrow
450,boss,Boss
451,boss,Boss
452,bossy,Bossy
453,both,Both
454,both,Both
455,both,Both
456,bother,Bother
457,bother,Bother
458,bottle,Bottle
459,bottom,Bottom
460,bounce,Bounce
461,bound,Bound
462,boundary,Boundary
463,bow,Bow
464,bow,Bow
465,bowl,Bowl
466,box,Box
467,boy,Boy
468,brace,Brace
469,brace,Brace
470,brain,Brain
471,branch,Branch
472,brand,Brand
473,brave,Brave
474,bread,Bread
475,break,Break
476,break,Break
477,breakfast,Breakfast
478,breast,Breast
479,breath,Breath
480,breathe,Breathe
481,breed,Breed
482,breed,Breed
483,breezy,Breezy
484,bribe,Bribe
485,bribe,Bribe
486,bride,Bride
487,bridge,Bridge
488,bridge,Bridge
489,brief,Brief
490,brief,Brief
491,bright,Bright
492,brilliant,Brilliant
493,broken,Broken
494,bronchitis,Bronchitis
495,brother,Brother
496,brother-in-law,Brother-in-law
497,bruise,Bruise
498,bruise,Bruise
499,budget,Budget
500,builder,Builder
501,bulkhead,Bulkhead
502,businessman,Businessman
503,businessperson,Businessperson
504,businesswoman,Businesswoman
505,butcher,Butcher
506,cage,Cage
507,cake,Cake
508,calculate,Calculate
509,calculation,Calculation
510,calendar,Calendar
511,calf,Calf
512,call,Call
513,call,Call
514,calm,Calm
515,camera,Camera
516,camp,Camp
517,camp,Camp
518,campaign,Campaign
519,campus,Campus
520,can,Can
521,can,Can
522,cancel,Cancel
523,cancer,Cancer
524,candidate,Candidate
525,candy,Candy
526,cap,Cap
527,capable,Capable
528,capacity,Capacity
529,capital,Capital
530,capital,Capital
531,captain,Captain
532,capture,Capture
533,car,Car
534,carbondioxide,Carbondioxide
535,carbonmonoxide,Carbonmonoxide
536,carcinogen,Carcinogen
537,card,Card
538,care,Care
539,care,Care
540,career,Career
541,careful,Careful
542,careless,Careless
543,carpenter,Carpenter
544,carpet,Carpet
545,carrot,Carrot
546,carry,Carry
547,carry-on,Carry-on
548,carry-on,Carry-on
549,case,Case
550,cash,Cash
551,cashier,Cashier
552,cast,Cast
553,cast,Cast
554,castle,Castle
555,cat,Cat
556,catalog,Catalog
557,catch,Catch
558,catch,Catch
559,catcher,Catcher
560,category,Category
561,cattle,Cattle
562,cause,Cause
563,cause,Cause
564,caution,Caution
565,cautious,Cautious
566,cave,Cave
567,cease,Cease
568,ceiling,Ceiling
569,celebrate,Celebrate
570,celebration,Celebration
571,cell,Cell
572,cent,Cent
573,center,Center
574,center,Center
575,central,Central
576,century,Century
577,ceremony,Ceremony
578,certain,Certain
579,certainly,Certainly
580,certainty,Certainty
581,chain,Chain
582,chain,Chain
583,chair,Chair
584,challenge,Challenge
585,challenge,Challenge
586,chamber,Chamber
587,champion,Champion
588,championship,Championship
589,chance,Chance
590,change,Change
591,change,Change
592,channel,Channel
593,chaos,Chaos
594,chapter,Chapter
595,character,Character
596,characteristic,Characteristic
597,characteristic,Characteristic
598,charge,Charge
599,charge,Charge
600,charity,Charity
601,charm,Charm
602,charm,Charm
603,charming,Charming
604,chart,Chart
605,chart,Chart
606,chase,Chase
607,chase,Chase
608,chat,Chat
609,chat,Chat
610,cheap,Cheap
611,cheap,Cheap
612,cheat,Cheat
613,check,Check
614,check,Check
615,cheek,Cheek
616,cheerful,Cheerful
617,cheese,Cheese
618,chef,Chef
619,chemical,Chemical
620,chemical,Chemical
621,chemistry,Chemistry
622,chest,Chest
623,chew,Chew
624,chicken,Chicken
625,chief,Chief
626,chief,Chief
627,child,Child
628,childhood,Childhood
629,children,Children
630,chilly,Chilly
631,chin,Chin
632,chip,Chip
633,chocolate,Chocolate
634,choice,Choice
635,choke,Choke
636,choose,Choose
637,chop,Chop
638,Christmas,Christmas
639,church,Church
640,circle,Circle
641,circumstance,Circumstance
642,citation,Citation
643,citizen,Citizen
644,city,City
645,civil,Civil
646,claim,Claim
647,clap,Clap
648,clap,Clap
649,clarify,Clarify
650,class,Class
651,classic,Classic
652,classic,Classic
653,classify,Classify
654,clause,Clause
655,clay,Clay
656,clean,Clean
657,clean,Clean
658,clear,Clear
659,clear,Clear
660,clerk,Clerk
661,clever,Clever
662,click,Click
663,click,Click
664,cliff,Cliff
665,climate,Climate
666,climate,Climate
667,climb,Climb
668,clinic,Clinic
669,clock,Clock
670,close,Close
671,close,Close
672,close,Close
673,closet,Closet
674,cloth,Cloth
675,clothes,Clothes
676,clothing,Clothing
677,cloud,Cloud
678,cloud,Cloud
679,cloudy,Cloudy
680,club,Club
681,coach,Coach
682,coach,Coach
683,coach,Coach
684,coach,Coach
685,coal,Coal
686,coal,Coal
687,coast,Coast
688,coast,Coast
689,coat,Coat
690,coat,Coat
691,cockpit,Cockpit
692,code,Code
693,coffee,Coffee
694,coherent,Coherent
695,coin,Coin
696,cold,Cold
697,cold,Cold
698,coldfront,Coldfront
699,collapse,Collapse
700,collapse,Collapse
701,collar,Collar
702,collect,Collect
703,collection,Collection
704,college,College
705,color,Color
706,color,Color
707,column,Column
708,comb,Comb
709,comb,Comb
710,combination,Combination
711,combine,Combine
712,come,Come
713,comedy,Comedy
714,comfort,Comfort
715,comfort,Comfort
716,comfortable,Comfortable
717,command,Command
718,command,Command
719,comment,Comment
720,comment,Comment
721,commercial,Commercial
722,commission,Commission
723,commit,Commit
724,committee,Committee
725,common,Common
726,common-law,Common-law
727,communicate,Communicate
728,communication,Communication
729,community,Community
730,communitycollege,Communitycollege
731,commute,Commute
732,commute,Commute
733,company,Company
734,compare,Compare
735,comparison,Comparison
736,compassion,Compassion
737,compete,Compete
738,competition,Competition
739,competitive,Competitive
740,complain,Complain
741,complaint,Complaint
742,complete,Complete
743,complete,Complete
744,completion,Completion
745,complex,Complex
746,complicate,Complicate
747,complicated,Complicated
748,component,Component
749,compose,Compose
750,composition,Composition
751,compost,Compost
752,compost,Compost
753,compound,Compound
754,comprehensive,Comprehensive
755,compulsive,Compulsive
756,computer,Computer
757,concentrate,Concentrate
758,concentration,Concentration
759,concept,Concept
760,concern,Concern
761,concern,Concern
762,concert,Concert
763,conclude,Conclude
764,conclusion,Conclusion
765,concrete,Concrete
766,concrete,Concrete
767,condition,Condition
768,conduct,Conduct
769,conduct,Conduct
770,conference,Conference
771,confidence,Confidence
772,confident,Confident
773,confine,Confine
774,confirm,Confirm
775,conflict,Conflict
776,conflict,Conflict
777,confuse,Confuse
778,confusion,Confusion
779,congress,Congress
780,conjunction,Conjunction
781,connect,Connect
782,connection,Connection
783,connection,Connection
784,conscience,Conscience
785,conscious,Conscious
786,consent,Consent
787,consent,Consent
788,conservation,Conservation
789,conservationist,Conservationist
790,conservative,Conservative
791,conservative,Conservative
792,consider,Consider
793,considerable,Considerable
794,consideration,Consideration
795,consist,Consist
796,consistent,Consistent
797,constant,Constant
798,constantly,Constantly
799,constitution,Constitution
800,construct,Construct
801,construction,Construction
802,consult,Consult
803,consumer,Consumer
804,consumergoods,Consumergoods
805,contact,Contact
806,contact,Contact
807,contagious,Contagious
808,contain,Contain
809,container,Container
810,contaminant,Contaminant
811,contamination,Contamination
812,contemporary,Contemporary
813,content,Content
814,contentment,Contentment
815,contest,Contest
816,context,Context
817,continent,Continent
818,continually,Continually
819,continue,Continue
820,continuous,Continuous
821,continuously,Continuously
822,contract,Contract
823,contrast,Contrast
824,contrast,Contrast
825,contribute,Contribute
826,contribution,Contribution
827,control,Control
828,control,Control
829,convenient,Convenient
830,conversation,Conversation
831,convert,Convert
832,convince,Convince
833,cook,Cook
834,cook,Cook
835,cookie,Cookie
836,cool,Cool
837,cooperate,Cooperate
838,cooperation,Cooperation
839,cope,Cope
840,copy,Copy
841,copy,Copy
842,copyright,Copyright
843,copyright,Copyright
844,core,Core
845,core,Core
846,corn,Corn
847,corner,Corner
848,corporate,Corporate
849,corporation,Corporation
850,correct,Correct
851,correct,Correct
852,correspond,Correspond
853,cost,Cost
854,cost,Cost
855,cottage,Cottage
856,cotton,Cotton
857,cough,Cough
858,cough,Cough
859,could,Could
860,council,Council
861,count,Count
862,count,Count
863,country,Country
864,couple,Couple
865,courage,Courage
866,courage,Courage
867,courageous,Courageous
868,course,Course
869,court,Court
870,cousin,Cousin
871,cover,Cover
872,cover,Cover
873,coverletter,Coverletter
874,cow,Cow
875,cowardly,Cowardly
876,crack,Crack
877,crack,Crack
878,craft,Craft
879,crash,Crash
880,crash,Crash
881,crazy,Crazy
882,cream,Cream
883,create,Create
884,creative,Creative
885,creature,Creature
886,credit,Credit
887,credit,Credit
888,credit,Credit
889,crew,Crew
890,crime,Crime
891,criminal,Criminal
892,criminal,Criminal
893,crisis,Crisis
894,crisp,Crisp
895,cruel,Cruel
896,crutch,Crutch
897,curiosity,Curiosity
898,currency,Currency
899,custody,Custody
900,customs,Customs
901,cut,Cut
902,cynical,Cynical
903,DA,Da
904,dad,Dad
905,daily,Daily
906,daily,Daily
907,dam,Dam
908,damage,Damage
909,damage,Damage
910,damages,Damages
911,damp,Damp
912,dance,Dance
913,dance,Dance
914,danger,Danger
915,dangerous,Dangerous
916,dare,Dare
917,dare,Dare
918,dark,Dark
919,dark,Dark
920,data,Data
921,date,Date
922,date,Date
923,daughter,Daughter
924,dawn,Dawn
925,day,Day
926,dead,Dead
927,deaf,Deaf
928,deal,Deal
929,deal,Deal
930,deal,Deal
931,dear,Dear
932,death,Death
933,deathsentence,Deathsentence
934,debate,Debate
935,debate,Debate
936,debt,Debt
937,decade,Decade
938,decay,Decay
939,decay,Decay
940,decide,Decide
941,decision,Decision
942,decisive,Decisive
943,declare,Declare
944,declare,Declare
945,decline,Decline
946,decline,Decline
947,decongestant,Decongestant
948,decorate,Decorate
949,decoration,Decoration
950,decorative,Decorative
951,decrease,Decrease
952,decrease,Decrease
953,deep,Deep
954,deep,Deep
955,defeat,Defeat
956,defeat,Defeat
957,defend,Defend
958,defendant,Defendant
959,defense,Defense
960,defense,Defense
961,defiance,Defiance
962,deficit,Deficit
963,define,Define
964,definite,Definite
965,definition,Definition
966,deforestation,Deforestation
967,degree,Degree
968,delay,Delay
969,delay,Delay
970,deliberate,Deliberate
971,delicate,Delicate
972,delicious,Delicious
973,delight,Delight
974,delight,Delight
975,deliver,Deliver
976,demand,Demand
977,demand,Demand
978,democracy,Democracy
979,demonstrate,Demonstrate
980,dentalhygienist,Dentalhygienist
981,dentist,Dentist
982,deny,Deny
983,department,Department
984,departure,Departure
985,depend,Depend
986,dependence,Dependence
987,deposit,Deposit
988,deposit,Deposit
989,depress,Depress
990,depression,Depression
991,depression,Depression
992,depth,Depth
993,derive,Derive
994,describe,Describe
995,description,Description
996,desert,Desert
997,desert,Desert
998,deserve,Deserve
999,design,Design
1000,design,Design
1001,designer,Designer
1002,desire,Desire
1003,desire,Desire
1004,desk,Desk
1005,desperate,Desperate
1006,despite,Despite
1007,destroy,Destroy
1008,destruction,Destruction
1009,detail,Detail
1010,determine,Determine
1011,determined,Determined
1012,develop,Develop
1013,developer,Developer
1014,development,Development
1015,device,Device
1016,devote,Devote
1017,diamond,Diamond
1018,diarrhea,Diarrhea
1019,diary,Diary
1020,dictionary,Dictionary
1021,die,Die
1022,diet,Diet
1023,dietician,Dietician
1024,difference,Difference
1025,different,Different
1026,difficult,Difficult
1027,difficulty,Difficulty
1028,dig,Dig
1029,dimension,Dimension
1030,dinner,Dinner
1031,dip,Dip
1032,dip,Dip
1033,direct,Direct
1034,direct,Direct
1035,direction,Direction
1036,director,Director
1037,dirt,Dirt
1038,dirty,Dirty
1039,disagree,Disagree
1040,disagreement,Disagreement
1041,disappear,Disappear
1042,disappoint,Disappoint
1043,disappointment,Disappointment
1044,disapproval,Disapproval
1045,disapprove,Disapprove
1046,disaster,Disaster
1047,disc,Disc
1048,discipline,Discipline
1049,discover,Discover
1050,discovery,Discovery
1051,discuss,Discuss
1052,discussion,Discussion
1053,disease,Disease
1054,disgust,Disgust
1055,disgust,Disgust
1056,dish,Dish
1057,dishonest,Dishonest
1058,dislike,Dislike
1059,dislike,Dislike
1060,dismay,Dismay
1061,dismiss,Dismiss
1062,display,Display
1063,display,Display
1064,disposable,Disposable
1065,dispute,Dispute
1066,dispute,Dispute
1067,disrespect,Disrespect
1068,dissolve,Dissolve
1069,distance,Distance
1070,distant,Distant
1071,distinct,Distinct
1072,distinguish,Distinguish
1073,distress,Distress
1074,distribute,Distribute
1075,distribution,Distribution
1076,district,District
1077,districtattorney,Districtattorney
1078,distrust,Distrust
1079,disturb,Disturb
1080,dive,Dive
1081,dive,Dive
1082,diversity,Diversity
1083,divide,Divide
1084,divide,Divide
1085,division,Division
1086,divorce,Divorce
1087,divorce,Divorce
1088,dizzy,Dizzy
1089,do,Do
1090,do,Do
1091,doctor,Doctor
1092,document,Document
1093,dog,Dog
1094,doll,Doll
1095,dollar,Dollar
1096,domestic,Domestic
1097,dominant,Dominant
1098,dominate,Dominate
1099,domineering,Domineering
1100,door,Door
1101,dorm,Dorm
1102,dot,Dot
1103,double,Double
1104,double,Double
1105,double,Double
1106,double,Double
1107,doubles,Doubles
1108,doubt,Doubt
1109,doubt,Doubt
1110,down,Down
1111,down,Down
1112,down,Down
1113,draft,Draft
1114,dribble,Dribble
1115,dugout,Dugout
1116,dusk,Dusk
1117,duty-free,Duty-free
1118,e-mail,E-mail
1119,e-mail,E-mail
1120,each,Each
1121,each,Each
1122,eager,Eager
1123,ear,Ear
1124,earlier,Earlier
1125,earlobe,Earlobe
1126,early,Early
1127,early,Early
1128,earn,Earn
1129,earth,Earth
1130,ease,Ease
1131,ease,Ease
1132,east,East
1133,east,East
1134,east,East
1135,easy,Easy
1136,easy,Easy
1137,easygoing,Easygoing
1138,eat,Eat
1139,ecology,Ecology
1140,economic,Economic
1141,economics,Economics
1142,economist,Economist
1143,economy,Economy
1144,ecosystem,Ecosystem
1145,edge,Edge
1146,edit,Edit
1147,edition,Edition
1148,editor,Editor
1149,educate,Educate
1150,education,Education
1151,effect,Effect
1152,effective,Effective
1153,efficient,Efficient
1154,effort,Effort
1155,egg,Egg
1156,either,Either
1157,either,Either
1158,either,Either
1159,elastic,Elastic
1160,elbow,Elbow
1161,elect,Elect
1162,election,Election
1163,electric,Electric
1164,electrician,Electrician
1165,electricity,Electricity
1166,electronic,Electronic
1167,element,Element
1168,else,Else
1169,else,Else
1170,elsewhere,Elsewhere
1171,embarrass,Embarrass
1172,embarrassment,Embarrassment
1173,emerge,Emerge
1174,emergency,Emergency
1175,emission,Emission
1176,emotion,Emotion
1177,emotional,Emotional
1178,emphasis,Emphasis
1179,emphasize,Emphasize
1180,empire,Empire
1181,employ,Employ
1182,employee,Employee
1183,employer,Employer
1184,employment,Employment
1185,empty,Empty
1186,empty,Empty
1187,enable,Enable
1188,encounter,Encounter
1189,encourage,Encourage
1190,end,End
1191,end,End
1192,endangered,Endangered
1193,enemy,Enemy
1194,energy,Energy
1195,energy,Energy
1196,engage,Engage
1197,engaged,Engaged
1198,engine,Engine
1199,engineer,Engineer
1200,English,English
1201,English,English
1202,enjoy,Enjoy
1203,enjoyment,Enjoyment
1204,enormous,Enormous
1205,enough,Enough
1206,enough,Enough
1207,enough,Enough
1208,enroll,Enroll
1209,ensure,Ensure
1210,enter,Enter
1211,entertain,Entertain
1212,entertainment,Entertainment
1213,enthusiasm,Enthusiasm
1214,enthusiastic,Enthusiastic
1215,entire,Entire
1216,entrance,Entrance
1217,entry,Entry
1218,envelope,Envelope
1219,environment,Environment
1220,environment,Environment
1221,environmentalist,Environmentalist
1222,envy,Envy
1223,envy,Envy
1224,equal,Equal
1225,equal,Equal
1226,equal,Equal
1227,equipment,Equipment
1228,equivalent,Equivalent
1229,equivalent,Equivalent
1230,erase,Erase
1231,erosion,Erosion
1232,error,Error
1233,escape,Escape
1234,escape,Escape
1235,especially,Especially
1236,essay,Essay
1237,essential,Essential
1238,establish,Establish
1239,estate,Estate
1240,estimate,Estimate
1241,estimate,Estimate
1242,ethnic,Ethnic
1243,evaluate,Evaluate
1244,even,Even
1245,even,Even
1246,even,Even
1247,evening,Evening
1248,event,Event
1249,eventually,Eventually
1250,ever,Ever
1251,every,Every
1252,everyday,Everyday
1253,everybody,Everybody
1254,everyday,Everyday
1255,everyone,Everyone
1256,everything,Everything
1257,everywhere,Everywhere
1258,evidence,Evidence
1259,evident,Evident
1260,evil,Evil
1261,evil,Evil
1262,ex,Ex
1263,exact,Exact
1264,exactly,Exactly
1265,exaggerate,Exaggerate
1266,exam,Exam
1267,examination,Examination
1268,examine,Examine
1269,example,Example
1270,exceed,Exceed
1271,excellent,Excellent
1272,except,Except
1273,except,Except
1274,exception,Exception
1275,excess,Excess
1276,excess,Excess
1277,exchange,Exchange
1278,exchange,Exchange
1279,excite,Excite
1280,excitement,Excitement
1281,exclude,Exclude
1282,excuse,Excuse
1283,excuse,Excuse
1284,executive,Executive
1285,executive,Executive
1286,exercise,Exercise
1287,exercise,Exercise
1288,extinct,Extinct
1289,extinction,Extinction
1290,extroverted,Extroverted
1291,eyebrow,Eyebrow
1292,eyelash,Eyelash
1293,eyelid,Eyelid
1294,fabric,Fabric
1295,face,Face
1296,face,Face
1297,fact,Fact
1298,factor,Factor
1299,factory,Factory
1300,faculty,Faculty
1301,fail,Fail
1302,failure,Failure
1303,faint,Faint
1304,faint,Faint
1305,fair,Fair
1306,fair,Fair
1307,faith,Faith
1308,fake,Fake
1309,fake,Fake
1310,fake,Fake
1311,fall,Fall
1312,fall,Fall
1313,false,False
1314,fame,Fame
1315,familiar,Familiar
1316,family,Family
1317,family,Family
1318,famous,Famous
1319,fan,Fan
1320,fan,Fan
1321,fancy,Fancy
1322,far,Far
1323,far,Far
1324,farm,Farm
1325,farmer,Farmer
1326,fashion,Fashion
1327,fast,Fast
1328,fast,Fast
1329,fasten,Fasten
1330,fat,Fat
1331,fat,Fat
1332,fate,Fate
1333,father,Father
1334,father-in-law,Father-in-law
1335,fault,Fault
1336,favor,Favor
1337,favor,Favor
1338,favorite,Favorite
1339,favorite,Favorite
1340,fear,Fear
1341,fear,Fear
1342,fearful,Fearful
1343,feather,Feather
1344,feature,Feature
1345,feature,Feature
1346,federal,Federal
1347,fee,Fee
1348,feed,Feed
1349,feel,Feel
1350,feel,Feel
1351,feeling,Feeling
1352,fellow,Fellow
1353,felon,Felon
1354,felony,Felony
1355,female,Female
1356,female,Female
1357,fence,Fence
1358,festival,Festival
1359,fever,Fever
1360,few,Few
1361,few,Few
1362,fiancé,Fiancé
1363,fiancée,Fiancée
1364,fiber,Fiber
1365,field,Field
1366,fieldgoal,Fieldgoal
1367,fierce,Fierce
1368,fight,Fight
1369,fight,Fight
1370,figure,Figure
1371,figure,Figure
1372,fill,Fill
1373,film,Film
1374,filmmaker,Filmmaker
1375,final,Final
1376,finally,Finally
1377,finance,Finance
1378,finance,Finance
1379,financial,Financial
1380,financialaid,Financialaid
1381,find,Find
1382,fine,Fine
1383,fine,Fine
1384,fine,Fine
1385,fine,Fine
1386,finger,Finger
1387,finish,Finish
1388,finishline,Finishline
1389,fire,Fire
1390,fire,Fire
1391,firm,Firm
1392,firm,Firm
1393,first,First
1394,first,First
1395,first,First
1396,first,First
1397,firstaid,Firstaid
1398,firstclass,Firstclass
1399,fiscal,Fiscal
1400,fish,Fish
1401,fisherman,Fisherman
1402,fit,Fit
1403,fit,Fit
1404,fix,Fix
1405,flag,Flag
1406,flame,Flame
1407,flash,Flash
1408,flash,Flash
1409,flat,Flat
1410,flavor,Flavor
1411,flavor,Flavor
1412,flesh,Flesh
1413,flexible,Flexible
1414,flextime,Flextime
1415,flight,Flight
1416,flightattendant,Flightattendant
1417,flightattendant,Flightattendant
1418,flightdeck,Flightdeck
1419,float,Float
1420,flood,Flood
1421,flood,Flood
1422,floor,Floor
1423,flour,Flour
1424,flow,Flow
1425,flow,Flow
1426,flower,Flower
1427,flower,Flower
1428,flu,Flu
1429,fluid,Fluid
1430,fluid,Fluid
1431,flurries,Flurries
1432,fly,Fly
1433,focus,Focus
1434,focus,Focus
1435,fog,Fog
1436,fold,Fold
1437,fold,Fold
1438,football,Football
1439,footnote,Footnote
1440,forearm,Forearm
1441,forecast,Forecast
1442,forecast,Forecast
1443,forehand,Forehand
1444,forehead,Forehead
1445,forever,Forever
1446,formerly,Formerly
1447,fossilfuel,Fossilfuel
1448,frank,Frank
1449,fraternity,Fraternity
1450,fraud,Fraud
1451,freethrow,Freethrow
1452,frequently,Frequently
1453,friendly,Friendly
1454,frustration,Frustration
1455,full-time,Full-time
1456,fun,Fun
1457,funny,Funny
1458,furniture,Furniture
1459,fury,Fury
1460,gain,Gain
1461,gain,Gain
1462,gallon,Gallon
1463,game,Game
1464,gap,Gap
1465,garage,Garage
1466,garbage,Garbage
1467,garden,Garden
1468,gas,Gas
1469,gate,Gate
1470,gate,Gate
1471,gather,Gather
1472,gay,Gay
1473,gear,Gear
1474,gender,Gender
1475,gene,Gene
1476,general,General
1477,generally,Generally
1478,generate,Generate
1479,generation,Generation
1480,generosity,Generosity
1481,generous,Generous
1482,gentle,Gentle
1483,gentleman,Gentleman
1484,genuine,Genuine
1485,geography,Geography
1486,geothermal,Geothermal
1487,get,Get
1488,giant,Giant
1489,giant,Giant
1490,gift,Gift
1491,girl,Girl
1492,give,Give
1493,glad,Glad
1494,glass,Glass
1495,global,Global
1496,globalwarming,Globalwarming
1497,globalwarming,Globalwarming
1498,glory,Glory
1499,glove,Glove
1500,glow,Glow
1501,glow,Glow
1502,glue,Glue
1503,glue,Glue
1504,go,Go
1505,goal,Goal
1506,goal,Goal
1507,goalline,Goalline
1508,goalkeeper,Goalkeeper
1509,goalpost,Goalpost
1510,god,God
1511,gold,Gold
1512,golden,Golden
1513,good,Good
1514,good,Good
1515,goodbye,Goodbye
1516,govern,Govern
1517,government,Government
1518,governor,Governor
1519,GPA,Gpa
1520,grab,Grab
1521,graceful,Graceful
1522,grade,Grade
1523,gradual,Gradual
1524,graduate,Graduate
1525,graduate,Graduate
1526,grain,Grain
1527,grammar,Grammar
1528,grand,Grand
1529,grandslam,Grandslam
1530,grandchild,Grandchild
1531,granddaughter,Granddaughter
1532,granddaughter,Granddaughter
1533,grandfather,Grandfather
1534,grandmother,Grandmother
1535,grandparent,Grandparent
1536,grandson,Grandson
1537,grant,Grant
1538,grant,Grant
1539,grass,Grass
1540,grateful,Grateful
1541,grave,Grave
1542,gravity,Gravity
1543,gray,Gray
1544,gray,Gray
1545,great,Great
1546,greed,Greed
1547,greedy,Greedy
1548,green,Green
1549,green,Green
1550,green,Green
1551,greenhouseeffect,Greenhouseeffect
1552,greet,Greet
1553,gregarious,Gregarious
1554,grief,Grief
1555,grind,Grind
1556,grocery,Grocery
1557,groom,Groom
1558,groove,Groove
1559,ground,Ground
1560,groundwater,Groundwater
1561,group,Group
1562,grow,Grow
1563,guarantee,Guarantee
1564,guarantee,Guarantee
1565,guard,Guard
1566,guard,Guard
1567,guardian,Guardian
1568,guess,Guess
1569,guess,Guess
1570,guest,Guest
1571,guide,Guide
1572,guilt,Guilt
1573,guilty,Guilty
1574,gullible,Gullible
1575,gum,Gum
1576,gun,Gun
1577,gust,Gust
1578,guy,Guy
1579,habit,Habit
1580,habitat,Habitat
1581,hail,Hail
1582,hair,Hair
1583,half,Half
1584,half,Half
1585,half,Half
1586,half,Half
1587,halftime,Halftime
1588,hammer,Hammer
1589,hand,Hand
1590,hand,Hand
1591,handle,Handle
1592,handle,Handle
1593,handsome,Handsome
1594,handwriting,Handwriting
1595,hang,Hang
1596,happen,Happen
1597,happy,Happy
1598,harbor,Harbor
1599,hard,Hard
1600,hard,Hard
1601,hardly,Hardly
1602,hardware,Hardware
1603,harm,Harm
1604,harm,Harm
1605,harsh,Harsh
1606,harvest,Harvest
1607,hat,Hat
1608,hattrick,Hattrick
1609,hatch,Hatch
1610,hatch,Hatch
1611,hate,Hate
1612,hate,Hate
1613,hatred,Hatred
1614,have,Have
1615,hazy,Hazy
1616,he,He
1617,head,Head
1618,head,Head
1619,headache,Headache
1620,heal,Heal
1621,health,Health
1622,healthy,Healthy
1623,hear,Hear
1624,hearing,Hearing
1625,heart,Heart
1626,heat,Heat
1627,heat,Heat
1628,heaven,Heaven
1629,heavy,Heavy
1630,heel,Heel
1631,height,Height
1632,hell,Hell
1633,hello,Hello
1634,help,Help
1635,help,Help
1636,helpful,Helpful
1637,hence,Hence
1638,her,Her
1639,her,Her
1640,herbicide,Herbicide
1641,here,Here
1642,hero,Hero
1643,hers,Hers
1644,herself,Herself
1645,hesitate,Hesitate
1646,hide,Hide
1647,high,High
1648,high,High
1649,high-pressure,High-pressure
1650,highlight,Highlight
1651,highlight,Highlight
1652,highway,Highway
1653,hill,Hill
1654,him,Him
1655,himself,Himself
1656,hint,Hint
1657,hint,Hint
1658,hip,Hip
1659,hire,Hire
1660,hire,Hire
1661,his,His
1662,his,His
1663,historical,Historical
1664,history,History
1665,hit,Hit
1666,hit,Hit
1667,hives,Hives
1668,hobby,Hobby
1669,hockey,Hockey
1670,hold,Hold
1671,hold,Hold
1672,hole,Hole
1673,holiday,Holiday
1674,hollow,Hollow
1675,holy,Holy
1676,home,Home
1677,home,Home
1678,homeplate,Homeplate
1679,homerun,Homerun
1680,homework,Homework
1681,honest,Honest
1682,honesty,Honesty
1683,honor,Honor
1684,honor,Honor
1685,hook,Hook
1686,hook,Hook
1687,hop,Hop
1688,hop,Hop
1689,hope,Hope
1690,hope,Hope
1691,hopeful,Hopeful
1692,horizontal,Horizontal
1693,horn,Horn
1694,horror,Horror
1695,horse,Horse
1696,hose,Hose
1697,hospital,Hospital
1698,host,Host
1699,host,Host
1700,hostility,Hostility
1701,hot,Hot
1702,hotel,Hotel
1703,hour,Hour
1704,hourly,Hourly
1705,house,House
1706,household,Household
1707,housework,Housework
1708,how,How
1709,how,How
1710,however,However
1711,however,However
1712,hug,Hug
1713,huge,Huge
1714,humid,Humid
1715,humidity,Humidity
1716,hurricane,Hurricane
1717,husband,Husband
1718,I,I
1719,ice,Ice
1720,idea,Idea
1721,ideal,Ideal
1722,ideal,Ideal
1723,identical,Identical
1724,identification,Identification
1725,identify,Identify
1726,identity,Identity
1727,if,If
1728,ignore,Ignore
1729,ill,Ill
1730,ill,Ill
1731,illegal,Illegal
1732,illness,Illness
1733,illustrate,Illustrate
1734,image,Image
1735,imaginary,Imaginary
1736,imagination,Imagination
1737,imaginative,Imaginative
1738,imagine,Imagine
1739,imitate,Imitate
1740,immediate,Immediate
1741,immigrant,Immigrant
1742,immoral,Immoral
1743,impact,Impact
1744,impatience,Impatience
1745,impatient,Impatient
1746,import,Import
1747,import,Import
1748,importance,Importance
1749,important,Important
1750,impossible,Impossible
1751,impress,Impress
1752,impression,Impression
1753,impressive,Impressive
1754,improve,Improve
1755,improvement,Improvement
1756,impulsive,Impulsive
1757,in,In
1758,in,In
1759,inch,Inch
1760,incident,Incident
1761,include,Include
1762,income,Income
1763,increase,Increase
1764,increase,Increase
1765,indeed,Indeed
1766,independence,Independence
1767,independent,Independent
1768,index,Index
1769,indexfinger,Indexfinger
1770,indicate,Indicate
1771,indict,Indict
1772,indictment,Indictment
1773,indigestion,Indigestion
1774,individual,Individual
1775,individual,Individual
1776,industrial,Industrial
1777,industry,Industry
1778,inevitable,Inevitable
1779,infant,Infant
1780,infect,Infect
1781,infection,Infection
1782,infield,Infield
1783,inflation,Inflation
1784,influence,Influence
1785,influence,Influence
1786,influenza,Influenza
1787,inform,Inform
1788,informal,Informal
1789,information,Information
1790,infrequently,Infrequently
1791,ingredient,Ingredient
1792,initial,Initial
1793,initial,Initial
1794,initiative,Initiative
1795,injection,Injection
1796,injure,Injure
1797,injury,Injury
1798,ink,Ink
1799,inmate,Inmate
1800,inner,Inner
1801,inning,Inning
1802,innocent,Innocent
1803,insect,Insect
1804,insert,Insert
1805,inside,Inside
1806,inside,Inside
1807,inside,Inside
1808,inside,Inside
1809,insist,Insist
1810,inspect,Inspect
1811,install,Install
1812,instance,Instance
1813,instant,Instant
1814,instant,Instant
1815,instead,Instead
1816,institute,Institute
1817,institution,Institution
1818,instruction,Instruction
1819,instructor,Instructor
1820,instrument,Instrument
1821,insult,Insult
1822,insult,Insult
1823,insurance,Insurance
1824,intellectualproperty,Intellectualproperty
1825,intelligence,Intelligence
1826,intelligent,Intelligent
1827,intend,Intend
1828,intense,Intense
1829,intention,Intention
1830,interest,Interest
1831,interest,Interest
1832,interested,Interested
1833,interesting,Interesting
1834,interior,Interior
1835,interior,Interior
1836,interjection,Interjection
1837,internal,Internal
1838,international,International
1839,Internet,Internet
1840,interpret,Interpret
1841,interrupt,Interrupt
1842,interval,Interval
1843,interview,Interview
1844,interview,Interview
1845,interview,Interview
1846,into,Into
1847,introduce,Introduce
1848,introduction,Introduction
1849,introverted,Introverted
1850,invade,Invade
1851,invent,Invent
1852,invention,Invention
1853,invest,Invest
1854,investigate,Investigate
1855,investment,Investment
1856,itinerary,Itinerary
1857,jacket,Jacket
1858,jail,Jail
1859,jam,Jam
1860,jar,Jar
1861,jaw,Jaw
1862,jealous,Jealous
1863,jealousy,Jealousy
1864,jelly,Jelly
1865,jet,Jet
1866,jetengine,Jetengine
1867,jetlag,Jetlag
1868,jewel,Jewel
1869,jeweler,Jeweler
1870,jewelry,Jewelry
1871,job,Job
1872,join,Join
1873,joint,Joint
1874,joint,Joint
1875,joke,Joke
1876,joke,Joke
1877,journal,Journal
1878,journey,Journey
1879,joy,Joy
1880,judge,Judge
1881,judge,Judge
1882,judge,Judge
1883,judgment,Judgment
1884,juice,Juice
1885,jumbojet,Jumbojet
1886,jump,Jump
1887,jump,Jump
1888,jumpshot,Jumpshot
1889,junior,Junior
1890,junior,Junior
1891,jurisdiction,Jurisdiction
1892,juror,Juror
1893,jury,Jury
1894,just,Just
1895,just,Just
1896,justice,Justice
1897,keen,Keen
1898,keep,Keep
1899,key,Key
1900,key,Key
1901,kick,Kick
1902,kick,Kick
1903,kickoff,Kickoff
1904,kid,Kid
1905,kill,Kill
1906,kind,Kind
1907,kind,Kind
1908,kindness,Kindness
1909,king,King
1910,kingdom,Kingdom
1911,kiss,Kiss
1912,kiss,Kiss
1913,kitchen,Kitchen
1914,knee,Knee
1915,kneel,Kneel
1916,knife,Knife
1917,knit,Knit
1918,knock,Knock
1919,knock,Knock
1920,knot,Knot
1921,know,Know
1922,knowledge,Knowledge
1923,knuckle,Knuckle
1924,label,Label
1925,label,Label
1926,labor,Labor
1927,labor,Labor
1928,laboratory,Laboratory
1929,lack,Lack
1930,lack,Lack
1931,ladder,Ladder
1932,lady,Lady
1933,lake,Lake
1934,lamp,Lamp
1935,land,Land
1936,land,Land
1937,landfill,Landfill
1938,landing,Landing
1939,landlord,Landlord
1940,lane,Lane
1941,language,Language
1942,large,Large
1943,last,Last
1944,last,Last
1945,last,Last
1946,last,Last
1947,late,Late
1948,late,Late
1949,lately,Lately
1950,later,Later
1951,latter,Latter
1952,laugh,Laugh
1953,laugh,Laugh
1954,launch,Launch
1955,launch,Launch
1956,lavatory,Lavatory
1957,law,Law
1958,lawyer,Lawyer
1959,lawyer,Lawyer
1960,lay,Lay
1961,layup,Layup
1962,layer,Layer
1963,layoff,Layoff
1964,lazy,Lazy
1965,lead,Lead
1966,lead,Lead
1967,leader,Leader
1968,leaf,Leaf
1969,league,League
1970,league,League
1971,leak,Leak
1972,leak,Leak
1973,lean,Lean
1974,learn,Learn
1975,least,Least
1976,least,Least
1977,least,Least
1978,leather,Leather
1979,leave,Leave
1980,lecture,Lecture
1981,left,Left
1982,left,Left
1983,left,Left
1984,leg,Leg
1985,leg,Leg
1986,legal,Legal
1987,lemon,Lemon
1988,lend,Lend
1989,length,Length
1990,less,Less
1991,less,Less
1992,less,Less
1993,lesson,Lesson
1994,let,Let
1995,letter,Letter
1996,level,Level
1997,level,Level
1998,level,Level
1999,liberal,Liberal
2000,liberal,Liberal
2001,liberty,Liberty
2002,library,Library
2003,license,License
2004,lid,Lid
2005,lie,Lie
2006,lie,Lie
2007,lie,Lie
2008,life,Life
2009,lifesentence,Lifesentence
2010,lift,Lift
2011,lift,Lift
2012,light,Light
2013,light,Light
2014,light,Light
2015,light,Light
2016,lightning,Lightning
2017,like,Like
2018,like,Like
2019,like,Like
2020,likely,Likely
2021,limit,Limit
2022,limit,Limit
2023,line,Line
2024,line,Line
2025,link,Link
2026,link,Link
2027,lip,Lip
2028,liquid,Liquid
2029,liquid,Liquid
2030,list,List
2031,list,List
2032,listen,Listen
2033,literary,Literary
2034,literature,Literature
2035,litigate,Litigate
2036,little,Little
2037,little,Little
2038,little,Little
2039,live,Live
2040,live,Live
2041,live,Live
2042,load,Load
2043,load,Load
2044,loaf,Loaf
2045,loan,Loan
2046,loan,Loan
2047,local,Local
2048,locate,Locate
2049,location,Location
2050,lock,Lock
2051,lock,Lock
2052,lockerroom,Lockerroom
2053,logic,Logic
2054,logical,Logical
2055,loneliness,Loneliness
2056,lonely,Lonely
2057,long,Long
2058,long,Long
2059,longing,Longing
2060,look,Look
2061,loose,Loose
2062,lord,Lord
2063,lose,Lose
2064,loss,Loss
2065,lost,Lost
2066,lot,Lot
2067,loud,Loud
2068,love,Love
2069,love,Love
2070,lovely,Lovely
2071,low,Low
2072,low,Low
2073,lower,Lower
2074,lower,Lower
2075,loyal,Loyal
2076,luck,Luck
2077,lucky,Lucky
2078,luggage,Luggage
2079,luggage,Luggage
2080,lump,Lump
2081,lunch,Lunch
2082,lung,Lung
2083,lust,Lust
2084,machine,Machine
2085,mad,Mad
2086,magazine,Magazine
2087,magic,Magic
2088,magic,Magic
2089,mail,Mail
2090,mail,Mail
2091,main,Main
2092,maintain,Maintain
2093,major,Major
2094,major,Major
2095,majority,Majority
2096,make,Make
2097,male,Male
2098,male,Male
2099,malice,Malice
2100,man,Man
2101,manage,Manage
2102,management,Management
2103,manager,Manager
2104,manner,Manner
2105,manufacture,Manufacture
2106,many,Many
2107,many,Many
2108,map,Map
2109,march,March
2110,march,March
2111,margin,Margin
2112,mark,Mark
2113,mark,Mark
2114,market,Market
2115,marriage,Marriage
2116,marry,Marry
2117,mass,Mass
2118,master,Master
2119,master'sdegree,Master'sdegree
2120,match,Match
2121,match,Match
2122,mate,Mate
2123,material,Material
2124,mathematics,Mathematics
2125,matriculate,Matriculate
2126,matter,Matter
2127,matter,Matter
2128,maximum,Maximum
2129,maximum,Maximum
2130,may,May
2131,maybe,Maybe
2132,mayor,Mayor
2133,me,Me
2134,meal,Meal
2135,mean,Mean
2136,mean,Mean
2137,meaning,Meaning
2138,means,Means
2139,meanwhile,Meanwhile
2140,measure,Measure
2141,measure,Measure
2142,measurement,Measurement
2143,meat,Meat
2144,mechanic,Mechanic
2145,mechanical,Mechanical
2146,mechanism,Mechanism
2147,media,Media
2148,mediation,Mediation
2149,medical,Medical
2150,medication,Medication
2151,medicine,Medicine
2152,medium,Medium
2153,medium,Medium
2154,meet,Meet
2155,meeting,Meeting
2156,melt,Melt
2157,member,Member
2158,membership,Membership
2159,memory,Memory
2160,mental,Mental
2161,mention,Mention
2162,menu,Menu
2163,mercy,Mercy
2164,mere,Mere
2165,merely,Merely
2166,merry,Merry
2167,mess,Mess
2168,message,Message
2169,metal,Metal
2170,metaphor,Metaphor
2171,meter,Meter
2172,methane,Methane
2173,method,Method
2174,middle,Middle
2175,middle,Middle
2176,midnight,Midnight
2177,might,Might
2178,mild,Mild
2179,mile,Mile
2180,military,Military
2181,military,Military
2182,milk,Milk
2183,mill,Mill
2184,mind,Mind
2185,mind,Mind
2186,mine,Mine
2187,mine,Mine
2188,mineral,Mineral
2189,minimum,Minimum
2190,minimum,Minimum
2191,minimumwage,Minimumwage
2192,minister,Minister
2193,minor,Minor
2194,minority,Minority
2195,minute,Minute
2196,minute,Minute
2197,miracle,Miracle
2198,mirror,Mirror
2199,misery,Misery
2200,miss,Miss
2201,miss,Miss
2202,mission,Mission
2203,mistake,Mistake
2204,mistake,Mistake
2205,mix,Mix
2206,mix,Mix
2207,mixture,Mixture
2208,mobile,Mobile
2209,mode,Mode
2210,model,Model
2211,moderate,Moderate
2212,modern,Modern
2213,modest,Modest
2214,mom,Mom
2215,moment,Moment
2216,money,Money
2217,monitor,Monitor
2218,monitor,Monitor
2219,month,Month
2220,monthly,Monthly
2221,mood,Mood
2222,moody,Moody
2223,moon,Moon
2224,moral,Moral
2225,more,More
2226,more,More
2227,more,More
2228,morning,Morning
2229,most,Most
2230,most,Most
2231,most,Most
2232,most,Most
2233,mostly,Mostly
2234,mother,Mother
2235,mother-in-law,Mother-in-law
2236,motion,Motion
2237,motor,Motor
2238,mount,Mount
2239,mountain,Mountain
2240,mouse,Mouse
2241,mouth,Mouth
2242,move,Move
2243,move,Move
2244,movement,Movement
2245,movie,Movie
2246,much,Much
2247,much,Much
2248,much,Much
2249,mud,Mud
2250,muggy,Muggy
2251,multiply,Multiply
2252,murder,Murder
2253,murder,Murder
2254,muscle,Muscle
2255,museum,Museum
2256,music,Music
2257,musical,Musical
2258,musician,Musician
2259,must,Must
2260,mustache,Mustache
2261,mutual,Mutual
2262,my,My
2263,myself,Myself
2264,mysterious,Mysterious
2265,mystery,Mystery
2266,nail,Nail
2267,nail,Nail
2268,naked,Naked
2269,name,Name
2270,name,Name
2271,narrow,Narrow
2272,nation,Nation
2273,national,National
2274,native,Native
2275,native,Native
2276,natural,Natural
2277,naturally,Naturally
2278,nature,Nature
2279,nausea,Nausea
2280,navy,Navy
2281,near,Near
2282,near,Near
2283,near,Near
2284,nearby,Nearby
2285,nearly,Nearly
2286,neat,Neat
2287,necessary,Necessary
2288,neck,Neck
2289,need,Need
2290,need,Need
2291,needle,Needle
2292,negative,Negative
2293,negligence,Negligence
2294,negligent,Negligent
2295,neighbor,Neighbor
2296,neighborhood,Neighborhood
2297,neither,Neither
2298,neither,Neither
2299,nephew,Nephew
2300,nerve,Nerve
2301,nervous,Nervous
2302,nest,Nest
2303,net,Net
2304,network,Network
2305,neutral,Neutral
2306,never,Never
2307,nevertheless,Nevertheless
2308,new,New
2309,newly,Newly
2310,news,News
2311,newspaper,Newspaper
2312,next,Next
2313,next,Next
2314,next,Next
2315,nice,Nice
2316,niece,Niece
2317,night,Night
2318,night,Night
2319,no,No
2320,no,No
2321,noone,Noone
2322,nobody,Nobody
2323,noise,Noise
2324,noisy,Noisy
2325,none,None
2326,noon,Noon
2327,nor,Nor
2328,normal,Normal
2329,normally,Normally
2330,nostril,Nostril
2331,notarypublic,Notarypublic
2332,notebook,Notebook
2333,notes,Notes
2334,now,Now
2335,nuclearenergy,Nuclearenergy
2336,nurse,Nurse
2337,nutritionist,Nutritionist
2338,o'clock,O'clock
2339,oath,Oath
2340,obey,Obey
2341,object,Object
2342,object,Object
2343,objection,Objection
2344,objective,Objective
2345,objective,Objective
2346,observation,Observation
2347,observe,Observe
2348,obsessive,Obsessive
2349,obtain,Obtain
2350,obvious,Obvious
2351,occasion,Occasion
2352,occasionally,Occasionally
2353,occupation,Occupation
2354,occupy,Occupy
2355,occur,Occur
2356,ocean,Ocean
2357,October,October
2358,odd,Odd
2359,odor,Odor
2360,of,Of
2361,off,Off
2362,off,Off
2363,offend,Offend
2364,offense,Offense
2365,offense,Offense
2366,offensive,Offensive
2367,offer,Offer
2368,offer,Offer
2369,office,Office
2370,officer,Officer
2371,official,Official
2372,often,Often
2373,oh,Oh
2374,oil,Oil
2375,OK,Ok
2376,OK,Ok
2377,old,Old
2378,old-fashioned,Old-fashioned
2379,on,On
2380,on,On
2381,on,On
2382,once,Once
2383,once,Once
2384,one,One
2385,one,One
2386,one,One
2387,one-way,One-way
2388,oneself,Oneself
2389,only,Only
2390,only,Only
2391,onto,Onto
2392,open,Open
2393,open,Open
2394,open,Open
2395,opening,Opening
2396,operate,Operate
2397,operation,Operation
2398,opinion,Opinion
2399,opponent,Opponent
2400,opponent,Opponent
2401,opportunity,Opportunity
2402,oppose,Oppose
2403,opposite,Opposite
2404,opposite,Opposite
2405,opposite,Opposite
2406,opposite,Opposite
2407,opposition,Opposition
2408,optician,Optician
2409,optimism,Optimism
2410,optimistic,Optimistic
2411,option,Option
2412,or,Or
2413,orange,Orange
2414,order,Order
2415,order,Order
2416,ordinary,Ordinary
2417,organ,Organ
2418,organic,Organic
2419,organization,Organization
2420,organize,Organize
2421,origin,Origin
2422,original,Original
2423,original,Original
2424,originally,Originally
2425,other,Other
2426,other,Other
2427,otherwise,Otherwise
2428,ought,Ought
2429,ounce,Ounce
2430,our,Our
2431,ours,Ours
2432,ourselves,Ourselves
2433,out,Out
2434,outcome,Outcome
2435,outdoors,Outdoors
2436,outdoors,Outdoors
2437,outfield,Outfield
2438,outgoing,Outgoing
2439,overbook,Overbook
2440,overcast,Overcast
2441,oxygenmask,Oxygenmask
2442,ozonelayer,Ozonelayer
2443,p.m.,P.m.
2444,pace,Pace
2445,pack,Pack
2446,pack,Pack
2447,package,Package
2448,pad,Pad
2449,page,Page
2450,pain,Pain
2451,painful,Painful
2452,paint,Paint
2453,paint,Paint
2454,painter,Painter
2455,painting,Painting
2456,pair,Pair
2457,pale,Pale
2458,palm,Palm
2459,pan,Pan
2460,panel,Panel
2461,panic,Panic
2462,pants,Pants
2463,paper,Paper
2464,parade,Parade
2465,paragraph,Paragraph
2466,parallel,Parallel
2467,paraphrase,Paraphrase
2468,paraphrase,Paraphrase
2469,parent,Parent
2470,park,Park
2471,park,Park
2472,parliament,Parliament
2473,part,Part
2474,part-time,Part-time
2475,participate,Participate
2476,particle,Particle
2477,particular,Particular
2478,partly,Partly
2479,partner,Partner
2480,party,Party
2481,pass,Pass
2482,passage,Passage
2483,passenger,Passenger
2484,passion,Passion
2485,passport,Passport
2486,past,Past
2487,past,Past
2488,past,Past
2489,past,Past
2490,paste,Paste
2491,pat,Pat
2492,patch,Patch
2493,patent,Patent
2494,patent,Patent
2495,path,Path
2496,patience,Patience
2497,patience,Patience
2498,patient,Patient
2499,patient,Patient
2500,pattern,Pattern
2501,pause,Pause
2502,pause,Pause
2503,pay,Pay
2504,pay,Pay
2505,payment,Payment
2506,peace,Peace
2507,peaceful,Peaceful
2508,peak,Peak
2509,peel,Peel
2510,peel,Peel
2511,pen,Pen
2512,pen,Pen
2513,penalty,Penalty
2514,penalty,Penalty
2515,pencil,Pencil
2516,penis,Penis
2517,penny,Penny
2518,people,People
2519,pepper,Pepper
2520,per,Per
2521,percent,Percent
2522,perfect,Perfect
2523,perform,Perform
2524,performance,Performance
2525,performer,Performer
2526,perfume,Perfume
2527,perhaps,Perhaps
2528,period,Period
2529,permanent,Permanent
2530,permission,Permission
2531,permit,Permit
2532,persistent,Persistent
2533,person,Person
2534,personal,Personal
2535,personality,Personality
2536,personally,Personally
2537,persuade,Persuade
2538,pessimism,Pessimism
2539,pessimistic,Pessimistic
2540,pest,Pest
2541,pesticide,Pesticide
2542,pet,Pet
2543,petal,Petal
2544,petroleum,Petroleum
2545,pharmacist,Pharmacist
2546,phase,Phase
2547,PhD,Phd
2548,philosophy,Philosophy
2549,phone,Phone
2550,phone,Phone
2551,photograph,Photograph
2552,photograph,Photograph
2553,photographer,Photographer
2554,photography,Photography
2555,phrase,Phrase
2556,physical,Physical
2557,physician,Physician
2558,physician'sassistant,Physician'sassistant
2559,physics,Physics
2560,piano,Piano
2561,pick,Pick
2562,picture,Picture
2563,piece,Piece
2564,pig,Pig
2565,pile,Pile
2566,pile,Pile
2567,pill,Pill
2568,pilot,Pilot
2569,pilot,Pilot
2570,pin,Pin
2571,pin,Pin
2572,pink,Pink
2573,pink,Pink
2574,pinkie,Pinkie
2575,pipe,Pipe
2576,pitch,Pitch
2577,pitch,Pitch
2578,pitcher,Pitcher
2579,pity,Pity
2580,place,Place
2581,place,Place
2582,plain,Plain
2583,plan,Plan
2584,plan,Plan
2585,planet,Planet
2586,plant,Plant
2587,plant,Plant
2588,plastic,Plastic
2589,plastic,Plastic
2590,plate,Plate
2591,platform,Platform
2592,play,Play
2593,play,Play
2594,player,Player
2595,plea,Plea
2596,pleabargaining,Pleabargaining
2597,pleasant,Pleasant
2598,please,Please
2599,please,Please
2600,pleasure,Pleasure
2601,plenty,Plenty
2602,plot,Plot
2603,plumber,Plumber
2604,plus,Plus
2605,plus,Plus
2606,plus,Plus
2607,pocket,Pocket
2608,poem,Poem
2609,poetry,Poetry
2610,point,Point
2611,point,Point
2612,poison,Poison
2613,poison,Poison
2614,poisonous,Poisonous
2615,pole,Pole
2616,pole,Pole
2617,police,Police
2618,policeofficer,Policeofficer
2619,policy,Policy
2620,polish,Polish
2621,polish,Polish
2622,polite,Polite
2623,political,Political
2624,politician,Politician
2625,politics,Politics
2626,pollutant,Pollutant
2627,pollution,Pollution
2628,pollution,Pollution
2629,pollution,Pollution
2630,pompous,Pompous
2631,pond,Pond
2632,pool,Pool
2633,poor,Poor
2634,pop,Pop
2635,popular,Popular
2636,population,Population
2637,port,Port
2638,portion,Portion
2639,pose,Pose
2640,pose,Pose
2641,position,Position
2642,positive,Positive
2643,possess,Possess
2644,possession,Possession
2645,possibility,Possibility
2646,possible,Possible
2647,possibly,Possibly
2648,post,Post
2649,post,Post
2650,post,Post
2651,post,Post
2652,postage,Postage
2653,postgraduate,Postgraduate
2654,pot,Pot
2655,potato,Potato
2656,potential,Potential
2657,potential,Potential
2658,pound,Pound
2659,pour,Pour
2660,poverty,Poverty
2661,power,Power
2662,powerofattorney,Powerofattorney
2663,powerful,Powerful
2664,practical,Practical
2665,practice,Practice
2666,practice,Practice
2667,praise,Praise
2668,praise,Praise
2669,pray,Pray
2670,prayer,Prayer
2671,precipitation,Precipitation
2672,precise,Precise
2673,predict,Predict
2674,prefer,Prefer
2675,preference,Preference
2676,pregnant,Pregnant
2677,prejudice,Prejudice
2678,prejudice,Prejudice
2679,premise,Premise
2680,preparation,Preparation
2681,prepare,Prepare
2682,preposition,Preposition
2683,prerequisite,Prerequisite
2684,prescribe,Prescribe
2685,prescription,Prescription
2686,preseason,Preseason
2687,presence,Presence
2688,present,Present
2689,present,Present
2690,present,Present
2691,present,Present
2692,preserve,Preserve
2693,president,President
2694,press,Press
2695,press,Press
2696,pressure,Pressure
2697,pretend,Pretend
2698,pretty,Pretty
2699,pretty,Pretty
2700,prevent,Prevent
2701,previous,Previous
2702,previously,Previously
2703,price,Price
2704,pride,Pride
2705,priest,Priest
2706,primary,Primary
2707,primeminister,Primeminister
2708,prince,Prince
2709,princess,Princess
2710,principal,Principal
2711,principle,Principle
2712,print,Print
2713,print,Print
2714,prior,Prior
2715,prison,Prison
2716,prisoner,Prisoner
2717,private,Private
2718,privilege,Privilege
2719,prize,Prize
2720,pro,Pro
2721,probable,Probable
2722,probably,Probably
2723,probation,Probation
2724,probationofficer,Probationofficer
2725,problem,Problem
2726,procedure,Procedure
2727,proceed,Proceed
2728,professor,Professor
2729,professor,Professor
2730,profit,Profit
2731,profit,Profit
2732,programmer,Programmer
2733,progress,Progress
2734,promotion,Promotion
2735,propeller,Propeller
2736,property,Property
2737,prosecute,Prosecute
2738,prosecutor,Prosecutor
2739,psychologist,Psychologist
2740,puck,Puck
2741,pupil,Pupil
2742,qualification,Qualification
2743,qualify,Qualify
2744,quality,Quality
2745,quantity,Quantity
2746,quarter,Quarter
2747,quarterback,Quarterback
2748,quarterly,Quarterly
2749,queen,Queen
2750,question,Question
2751,question,Question
2752,quick,Quick
2753,quick,Quick
2754,quiet,Quiet
2755,quit,Quit
2756,quite,Quite
2757,quiz,Quiz
2758,quotation,Quotation
2759,quote,Quote
2760,quote,Quote
2761,race,Race
2762,race,Race
2763,race,Race
2764,racial,Racial
2765,radiation,Radiation
2766,radical,Radical
2767,radio,Radio
2768,rage,Rage
2769,rail,Rail
2770,railroad,Railroad
2771,rain,Rain
2772,rain,Rain
2773,rainforest,Rainforest
2774,raise,Raise
2775,raise,Raise
2776,range,Range
2777,rank,Rank
2778,rank,Rank
2779,rapid,Rapid
2780,rare,Rare
2781,rarely,Rarely
2782,rash,Rash
2783,rate,Rate
2784,rate,Rate
2785,rather,Rather
2786,ratio,Ratio
2787,rational,Rational
2788,raw,Raw
2789,reach,Reach
2790,react,React
2791,reaction,Reaction
2792,read,Read
2793,reader,Reader
2794,reading,Reading
2795,ready,Ready
2796,real,Real
2797,realistic,Realistic
2798,reality,Reality
2799,realize,Realize
2800,really,Really
2801,rear,Rear
2802,rear,Rear
2803,reason,Reason
2804,reasonable,Reasonable
2805,reasonably,Reasonably
2806,recall,Recall
2807,receive,Receive
2808,recent,Recent
2809,recently,Recently
2810,reception,Reception
2811,receptionist,Receptionist
2812,recession,Recession
2813,recognition,Recognition
2814,recognize,Recognize
2815,recommend,Recommend
2816,record,Record
2817,record,Record
2818,recover,Recover
2819,recreational,Recreational
2820,recycle,Recycle
2821,red,Red
2822,red,Red
2823,reduce,Reduce
2824,reduction,Reduction
2825,refer,Refer
2826,referee,Referee
2827,reference,Reference
2828,reflect,Reflect
2829,reform,Reform
2830,reform,Reform
2831,refrigerator,Refrigerator
2832,refuse,Refuse
2833,regard,Regard
2834,region,Region
2835,register,Register
2836,register,Register
2837,regret,Regret
2838,regret,Regret
2839,regular,Regular
2840,regulation,Regulation
2841,reject,Reject
2842,relate,Relate
2843,relation,Relation
2844,relationship,Relationship
2845,relative,Relative
2846,relative,Relative
2847,relax,Relax
2848,release,Release
2849,release,Release
2850,relevant,Relevant
2851,reliable,Reliable
2852,relief,Relief
2853,relief,Relief
2854,relieve,Relieve
2855,religion,Religion
2856,religious,Religious
2857,rely,Rely
2858,remain,Remain
2859,remark,Remark
2860,remarkable,Remarkable
2861,remember,Remember
2862,remind,Remind
2863,remove,Remove
2864,renewable,Renewable
2865,rent,Rent
2866,rent,Rent
2867,repair,Repair
2868,repair,Repair
2869,repeat,Repeat
2870,replace,Replace
2871,reply,Reply
2872,reply,Reply
2873,report,Report
2874,report,Report
2875,represent,Represent
2876,representative,Representative
2877,representative,Representative
2878,reproduce,Reproduce
2879,republic,Republic
2880,reputation,Reputation
2881,request,Request
2882,request,Request
2883,require,Require
2884,requirement,Requirement
2885,rescue,Rescue
2886,rescue,Rescue
2887,research,Research
2888,research,Research
2889,research,Research
2890,research,Research
2891,reserve,Reserve
2892,reserve,Reserve
2893,reserved,Reserved
2894,resident,Resident
2895,resign,Resign
2896,resist,Resist
2897,resistance,Resistance
2898,resolve,Resolve
2899,resource,Resource
2900,respect,Respect
2901,respect,Respect
2902,respond,Respond
2903,response,Response
2904,responsibility,Responsibility
2905,responsible,Responsible
2906,rest,Rest
2907,rest,Rest
2908,rest,Rest
2909,restaurant,Restaurant
2910,restore,Restore
2911,restrainingorder,Restrainingorder
2912,restrict,Restrict
2913,result,Result
2914,result,Result
2915,retain,Retain
2916,retire,Retire
2917,retirement,Retirement
2918,return,Return
2919,return,Return
2920,reveal,Reveal
2921,reverse,Reverse
2922,reverse,Reverse
2923,reverse,Reverse
2924,review,Review
2925,review,Review
2926,revise,Revise
2927,revision,Revision
2928,revolution,Revolution
2929,reward,Reward
2930,reward,Reward
2931,rhyme,Rhyme
2932,rhyme,Rhyme
2933,roomandboard,Roomandboard
2934,roommate,Roommate
2935,roundtrip,Roundtrip
2936,runway,Runway
2937,ruthless,Ruthless
2938,rÃ©sumÃ©,Rã©sumã©
2939,sacrifice,Sacrifice
2940,sacrifice,Sacrifice
2941,sad,Sad
2942,sadness,Sadness
2943,safe,Safe
2944,safety,Safety
2945,sail,Sail
2946,sail,Sail
2947,sake,Sake
2948,salad,Salad
2949,salary,Salary
2950,sale,Sale
2951,salesman,Salesman
2952,salesperson,Salesperson
2953,saleswoman,Saleswoman
2954,salt,Salt
2955,same,Same
2956,same,Same
2957,sample,Sample
2958,sand,Sand
2959,sandwich,Sandwich
2960,sarcastic,Sarcastic
2961,satisfaction,Satisfaction
2962,satisfy,Satisfy
2963,sauce,Sauce
2964,save,Save
2965,savings,Savings
2966,say,Say
2967,scale,Scale
2968,scalp,Scalp
2969,scare,Scare
2970,scare,Scare
2971,scene,Scene
2972,scenery,Scenery
2973,schedule,Schedule
2974,schedule,Schedule
2975,scheme,Scheme
2976,school,School
2977,science,Science
2978,scientific,Scientific
2979,scientist,Scientist
2980,scissors,Scissors
2981,scope,Scope
2982,score,Score
2983,score,Score
2984,score,Score
2985,score,Score
2986,scoreboard,Scoreboard
2987,scorn,Scorn
2988,scratch,Scratch
2989,scratch,Scratch
2990,scream,Scream
2991,scream,Scream
2992,screen,Screen
2993,screw,Screw
2994,screw,Screw
2995,sea,Sea
2996,seal,Seal
2997,seal,Seal
2998,search,Search
2999,search,Search
3000,season,Season
3001,seat,Seat
3002,seatbelt,Seatbelt
3003,second,Second
3004,second,Second
3005,second,Second
3006,second,Second
3007,secondary,Secondary
3008,secret,Secret
3009,secret,Secret
3010,secretary,Secretary
3011,secretive,Secretive
3012,section,Section
3013,secure,Secure
3014,security,Security
3015,security,Security
3016,see,See
3017,seed,Seed
3018,seek,Seek
3019,seem,Seem
3020,seize,Seize
3021,seldom,Seldom
3022,select,Select
3023,selection,Selection
3024,self,Self
3025,self-centered,Self-centered
3026,selfish,Selfish
3027,sell,Sell
3028,semester,Semester
3029,semi-annually,Semi-annually
3030,semifinal,Semifinal
3031,senate,Senate
3032,send,Send
3033,senior,Senior
3034,senior,Senior
3035,sense,Sense
3036,sense,Sense
3037,sensible,Sensible
3038,sensitive,Sensitive
3039,sentence,Sentence
3040,sentence,Sentence
3041,separate,Separate
3042,separate,Separate
3043,separation,Separation
3044,series,Series
3045,serious,Serious
3046,servant,Servant
3047,serve,Serve
3048,serve,Serve
3049,service,Service
3050,session,Session
3051,set,Set
3052,settle,Settle
3053,several,Several
3054,severe,Severe
3055,sew,Sew
3056,sexual,Sexual
3057,shade,Shade
3058,shadow,Shadow
3059,shake,Shake
3060,shake,Shake
3061,shall,Shall
3062,shallow,Shallow
3063,shame,Shame
3064,shape,Shape
3065,shape,Shape
3066,share,Share
3067,share,Share
3068,sharp,Sharp
3069,shave,Shave
3070,she,She
3071,sheep,Sheep
3072,sheet,Sheet
3073,shelf,Shelf
3074,shell,Shell
3075,shelter,Shelter
3076,shelter,Shelter
3077,shift,Shift
3078,shift,Shift
3079,shin,Shin
3080,shine,Shine
3081,shine,Shine
3082,ship,Ship
3083,ship,Ship
3084,shirt,Shirt
3085,shock,Shock
3086,shock,Shock
3087,shoe,Shoe
3088,shoot,Shoot
3089,shop,Shop
3090,shop,Shop
3091,shore,Shore
3092,short,Short
3093,shot,Shot
3094,should,Should
3095,shoulder,Shoulder
3096,shout,Shout
3097,shout,Shout
3098,show,Show
3099,show,Show
3100,shower,Shower
3101,shut,Shut
3102,shy,Shy
3103,sick,Sick
3104,sickleave,Sickleave
3105,side,Side
3106,sideburns,Sideburns
3107,sight,Sight
3108,sign,Sign
3109,sign,Sign
3110,signal,Signal
3111,signal,Signal
3112,signature,Signature
3113,significant,Significant
3114,silence,Silence
3115,silent,Silent
3116,silk,Silk
3117,silly,Silly
3118,silver,Silver
3119,silver,Silver
3120,similar,Similar
3121,simple,Simple
3122,sin,Sin
3123,since,Since
3124,since,Since
3125,since,Since
3126,sincere,Sincere
3127,sing,Sing
3128,singer,Singer
3129,single,Single
3130,singles,Singles
3131,sink,Sink
3132,sir,Sir
3133,sister,Sister
3134,sister-in-law,Sister-in-law
3135,sit,Sit
3136,site,Site
3137,situation,Situation
3138,size,Size
3139,skill,Skill
3140,skin,Skin
3141,skirt,Skirt
3142,sky,Sky
3143,slang,Slang
3144,slap,Slap
3145,slap,Slap
3146,sleep,Sleep
3147,sleep,Sleep
3148,sleeve,Sleeve
3149,slice,Slice
3150,slice,Slice
3151,slide,Slide
3152,slight,Slight
3153,slip,Slip
3154,slip,Slip
3155,slope,Slope
3156,slope,Slope
3157,slow,Slow
3158,small,Small
3159,smart,Smart
3160,smell,Smell
3161,smell,Smell
3162,smile,Smile
3163,smile,Smile
3164,smog,Smog
3165,smog,Smog
3166,smoke,Smoke
3167,smoke,Smoke
3168,smooth,Smooth
3169,smooth,Smooth
3170,snake,Snake
3171,sneeze,Sneeze
3172,snow,Snow
3173,snow,Snow
3174,so,So
3175,so,So
3176,so,So
3177,so-called,So-called
3178,soap,Soap
3179,soccer,Soccer
3180,soccer,Soccer
3181,sociable,Sociable
3182,social,Social
3183,society,Society
3184,sock,Sock
3185,soft,Soft
3186,software,Software
3187,soil,Soil
3188,solar,Solar
3189,soldier,Soldier
3190,solid,Solid
3191,solution,Solution
3192,solve,Solve
3193,some,Some
3194,some,Some
3195,somebody,Somebody
3196,somehow,Somehow
3197,someone,Someone
3198,something,Something
3199,sometimes,Sometimes
3200,somewhat,Somewhat
3201,somewhere,Somewhere
3202,son,Son
3203,song,Song
3204,soon,Soon
3205,sore,Sore
3206,sore,Sore
3207,sorority,Sorority
3208,sorrow,Sorrow
3209,sorry,Sorry
3210,sort,Sort
3211,sort,Sort
3212,soul,Soul
3213,sound,Sound
3214,sound,Sound
3215,soup,Soup
3216,sour,Sour
3217,source,Source
3218,south,South
3219,south,South
3220,south,South
3221,southern,Southern
3222,space,Space
3223,spare,Spare
3224,spare,Spare
3225,spare,Spare
3226,speak,Speak
3227,speaker,Speaker
3228,special,Special
3229,specific,Specific
3230,specify,Specify
3231,spectatorsport,Spectatorsport
3232,speech,Speech
3233,speed,Speed
3234,spell,Spell
3235,spend,Spend
3236,spending,Spending
3237,spice,Spice
3238,spicy,Spicy
3239,spill,Spill
3240,spin,Spin
3241,spirit,Spirit
3242,spiritual,Spiritual
3243,spite,Spite
3244,splint,Splint
3245,split,Split
3246,split,Split
3247,spoil,Spoil
3248,spoon,Spoon
3249,sport,Sport
3250,sportmanship,Sportmanship
3251,sportscaster,Sportscaster
3252,spot,Spot
3253,sprain,Sprain
3254,spray,Spray
3255,spray,Spray
3256,spread,Spread
3257,spring,Spring
3258,springbreak,Springbreak
3259,square,Square
3260,square,Square
3261,squeeze,Squeeze
3262,stable,Stable
3263,stable,Stable
3264,stadium,Stadium
3265,staff,Staff
3266,stage,Stage
3267,stair,Stair
3268,stamp,Stamp
3269,stamp,Stamp
3270,stand,Stand
3271,stand,Stand
3272,standard,Standard
3273,standard,Standard
3274,standby,Standby
3275,star,Star
3276,stare,Stare
3277,stare,Stare
3278,start,Start
3279,start,Start
3280,state,State
3281,state,State
3282,statement,Statement
3283,station,Station
3284,statue,Statue
3285,status,Status
3286,statute,Statute
3287,stay,Stay
3288,steady,Steady
3289,steal,Steal
3290,steam,Steam
3291,steel,Steel
3292,steep,Steep
3293,steer,Steer
3294,stem,Stem
3295,step,Step
3296,step,Step
3297,stepfather,Stepfather
3298,stepmother,Stepmother
3299,stick,Stick
3300,stick,Stick
3301,sticky,Sticky
3302,stiff,Stiff
3303,still,Still
3304,still,Still
3305,sting,Sting
3306,sting,Sting
3307,stir,Stir
3308,stitch,Stitch
3309,stitch,Stitch
3310,stock,Stock
3311,stock,Stock
3312,stockmarket,Stockmarket
3313,stomach,Stomach
3314,stone,Stone
3315,stop,Stop
3316,stop,Stop
3317,stopover,Stopover
3318,storage,Storage
3319,store,Store
3320,store,Store
3321,storm,Storm
3322,story,Story
3323,stove,Stove
3324,straight,Straight
3325,straight,Straight
3326,strain,Strain
3327,strange,Strange
3328,stranger,Stranger
3329,strap,Strap
3330,strategy,Strategy
3331,stream,Stream
3332,street,Street
3333,strength,Strength
3334,strengthen,Strengthen
3335,stress,Stress
3336,stress,Stress
3337,stretch,Stretch
3338,strict,Strict
3339,strike,Strike
3340,strike,Strike
3341,strike,Strike
3342,string,String
3343,strip,Strip
3344,stripe,Stripe
3345,stroke,Stroke
3346,stroke,Stroke
3347,strong,Strong
3348,structure,Structure
3349,struggle,Struggle
3350,struggle,Struggle
3351,stubborn,Stubborn
3352,student,Student
3353,study,Study
3354,study,Study
3355,stuff,Stuff
3356,stupid,Stupid
3357,style,Style
3358,subject,Subject
3359,submit,Submit
3360,substance,Substance
3361,substantial,Substantial
3362,substitute,Substitute
3363,substitute,Substitute
3364,succeed,Succeed
3365,success,Success
3366,successful,Successful
3367,such,Such
3368,such,Such
3369,such,Such
3370,suck,Suck
3371,sudden,Sudden
3372,sue,Sue
3373,suffer,Suffer
3374,sufficient,Sufficient
3375,sugar,Sugar
3376,suggest,Suggest
3377,suggestion,Suggestion
3378,suit,Suit
3379,suit,Suit
3380,suitable,Suitable
3381,sum,Sum
3382,sum,Sum
3383,summary,Summary
3384,summer,Summer
3385,sunny,Sunny
3386,sunshine,Sunshine
3387,superficial,Superficial
3388,support,Support
3389,surgeon,Surgeon
3390,sustainable,Sustainable
3391,syllabus,Syllabus
3392,sympathy,Sympathy
3393,table,Table
3394,tactful,Tactful
3395,tactless,Tactless
3396,tail,Tail
3397,take,Take
3398,takeoff,Takeoff
3399,talent,Talent
3400,talk,Talk
3401,talk,Talk
3402,tall,Tall
3403,tank,Tank
3404,tap,Tap
3405,tap,Tap
3406,tape,Tape
3407,target,Target
3408,task,Task
3409,taste,Taste
3410,taste,Taste
3411,tax,Tax
3412,tax,Tax
3413,taxi,Taxi
3414,tea,Tea
3415,teach,Teach
3416,teacher,Teacher
3417,team,Team
3418,teammate,Teammate
3419,tear,Tear
3420,tear,Tear
3421,technical,Technical
3422,technique,Technique
3423,technology,Technology
3424,telephone,Telephone
3425,television,Television
3426,tell,Tell
3427,temper,Temper
3428,temperature,Temperature
3429,temple,Temple
3430,temporary,Temporary
3431,tempt,Tempt
3432,tenant,Tenant
3433,tend,Tend
3434,tendency,Tendency
3435,tendon,Tendon
3436,tenniscourt,Tenniscourt
3437,tense,Tense
3438,tension,Tension
3439,tent,Tent
3440,term,Term
3441,terrible,Terrible
3442,territory,Territory
3443,terror,Terror
3444,test,Test
3445,test,Test
3446,testify,Testify
3447,testimony,Testimony
3448,text,Text
3449,textbook,Textbook
3450,texture,Texture
3451,than,Than
3452,than,Than
3453,thank,Thank
3454,thanks,Thanks
3455,that,That
3456,that,That
3457,that,That
3458,that,That
3459,that,That
3460,the,The
3461,theater,Theater
3462,their,Their
3463,them,Them
3464,theme,Theme
3465,themselves,Themselves
3466,then,Then
3467,theory,Theory
3468,therapist,Therapist
3469,there,There
3470,there,There
3471,there,There
3472,there,There
3473,therefore,Therefore
3474,thermometer,Thermometer
3475,these,These
3476,thesis,Thesis
3477,they,They
3478,thick,Thick
3479,thief,Thief
3480,thigh,Thigh
3481,thin,Thin
3482,thing,Thing
3483,think,Think
3484,thirsty,Thirsty
3485,this,This
3486,this,This
3487,this,This
3488,thorough,Thorough
3489,though,Though
3490,though,Though
3491,thought,Thought
3492,thoughtful,Thoughtful
3493,thread,Thread
3494,threat,Threat
3495,threaten,Threaten
3496,throat,Throat
3497,through,Through
3498,through,Through
3499,throughout,Throughout
3500,throw,Throw
3501,throw,Throw
3502,thumb,Thumb
3503,thunder,Thunder
3504,thunder,Thunder
3505,thunderstorm,Thunderstorm
3506,thus,Thus
3507,ticket,Ticket
3508,tide,Tide
3509,tie,Tie
3510,tie,Tie
3511,tie,Tie
3512,tight,Tight
3513,tilt,Tilt
3514,tilt,Tilt
3515,time,Time
3516,time-out,Time-out
3517,tin,Tin
3518,tiny,Tiny
3519,tip,Tip
3520,tip,Tip
3521,tire,Tire
3522,tire,Tire
3523,tired,Tired
3524,title,Title
3525,to,To
3526,today,Today
3527,today,Today
3528,toe,Toe
3529,together,Together
3530,toilet,Toilet
3531,tomorrow,Tomorrow
3532,tomorrow,Tomorrow
3533,tone,Tone
3534,tongue,Tongue
3535,tonight,Tonight
3536,tonight,Tonight
3537,too,Too
3538,tool,Tool
3539,tooth,Tooth
3540,top,Top
3541,top,Top
3542,topic,Topic
3543,tornado,Tornado
3544,total,Total
3545,total,Total
3546,touch,Touch
3547,touch,Touch
3548,touchdown,Touchdown
3549,tough,Tough
3550,tour,Tour
3551,tournament,Tournament
3552,toward,Toward
3553,towel,Towel
3554,tower,Tower
3555,town,Town
3556,toxic,Toxic
3557,toxicwaste,Toxicwaste
3558,toy,Toy
3559,trace,Trace
3560,track,Track
3561,trackandfield,Trackandfield
3562,trade,Trade
3563,trade,Trade
3564,tradition,Tradition
3565,traditional,Traditional
3566,traffic,Traffic
3567,trail,Trail
3568,trail,Trail
3569,train,Train
3570,trainer,Trainer
3571,training,Training
3572,transcript,Transcript
3573,transfer,Transfer
3574,transfer,Transfer
3575,transform,Transform
3576,transition,Transition
3577,translate,Translate
3578,translation,Translation
3579,translator,Translator
3580,translator,Translator
3581,transparent,Transparent
3582,transport,Transport
3583,transport,Transport
3584,transportation,Transportation
3585,trap,Trap
3586,trap,Trap
3587,trash,Trash
3588,travel,Travel
3589,travel,Travel
3590,travel,Travel
3591,treasure,Treasure
3592,treat,Treat
3593,treatment,Treatment
3594,tree,Tree
3595,trend,Trend
3596,trial,Trial
3597,triangle,Triangle
3598,tribe,Tribe
3599,trick,Trick
3600,trick,Trick
3601,trimester,Trimester
3602,trip,Trip
3603,trip,Trip
3604,troop,Troop
3605,trophy,Trophy
3606,tropical,Tropical
3607,trouble,Trouble
3608,tuition,Tuition
3609,turbulence,Turbulence
3610,ugly,Ugly
3611,umbrella,Umbrella
3612,umpire,Umpire
3613,unable,Unable
3614,uncle,Uncle
3615,under,Under
3616,under,Under
3617,underdog,Underdog
3618,undergo,Undergo
3619,undergraduate,Undergraduate
3620,underground,Underground
3621,underneath,Underneath
3622,underneath,Underneath
3623,understand,Understand
3624,understanding,Understanding
3625,undertake,Undertake
3626,undertaker,Undertaker
3627,undo,Undo
3628,unemployed,Unemployed
3629,unemployment,Unemployment
3630,unfortunate,Unfortunate
3631,unfortunately,Unfortunately
3632,unhappiness,Unhappiness
3633,unhappy,Unhappy
3634,uniform,Uniform
3635,uniform,Uniform
3636,union,Union
3637,unique,Unique
3638,unit,Unit
3639,unite,Unite
3640,universal,Universal
3641,universe,Universe
3642,university,University
3643,unknown,Unknown
3644,unless,Unless
3645,unlike,Unlike
3646,unlike,Unlike
3647,unlikely,Unlikely
3648,until,Until
3649,until,Until
3650,unusual,Unusual
3651,up,Up
3652,up,Up
3653,up,Up
3654,upon,Upon
3655,upper,Upper
3656,upset,Upset
3657,upset,Upset
3658,upstairs,Upstairs
3659,upstairs,Upstairs
3660,upstairs,Upstairs
3661,upward,Upward
3662,upward,Upward
3663,urban,Urban
3664,urge,Urge
3665,urge,Urge
3666,urgent,Urgent
3667,us,Us
3668,use,Use
3669,use,Use
3670,useful,Useful
3671,user,User
3672,usual,Usual
3673,usually,Usually
3674,vacation,Vacation
3675,vagina,Vagina
3676,valley,Valley
3677,valuable,Valuable
3678,value,Value
3679,value,Value
3680,value,Value
3681,variation,Variation
3682,variety,Variety
3683,various,Various
3684,vary,Vary
3685,vast,Vast
3686,vegetable,Vegetable
3687,vehicle,Vehicle
3688,verb,Verb
3689,verdict,Verdict
3690,version,Version
3691,very,Very
3692,vessel,Vessel
3693,veterinarian,Veterinarian
3694,victim,Victim
3695,victory,Victory
3696,video,Video
3697,video,Video
3698,videographer,Videographer
3699,view,View
3700,view,View
3701,village,Village
3702,violence,Violence
3703,violent,Violent
3704,virtually,Virtually
3705,virtue,Virtue
3706,virus,Virus
3707,visa,Visa
3708,visible,Visible
3709,vision,Vision
3710,visit,Visit
3711,visit,Visit
3712,visitor,Visitor
3713,voice,Voice
3714,volume,Volume
3715,vomit,Vomit
3716,vote,Vote
3717,vote,Vote
3718,wage,Wage
3719,waist,Waist
3720,wait,Wait
3721,waiter,Waiter
3722,waitingroom,Waitingroom
3723,waitress,Waitress
3724,wake,Wake
3725,walk,Walk
3726,walk,Walk
3727,wall,Wall
3728,wallet,Wallet
3729,wander,Wander
3730,want,Want
3731,war,War
3732,warm,Warm
3733,warm,Warm
3734,warmfront,Warmfront
3735,warmth,Warmth
3736,warn,Warn
3737,warning,Warning
3738,wash,Wash
3739,waste,Waste
3740,waste,Waste
3741,waste,Waste
3742,watch,Watch
3743,watch,Watch
3744,water,Water
3745,wave,Wave
3746,wave,Wave
3747,wax,Wax
3748,way,Way
3749,we,We
3750,weak,Weak
3751,weakness,Weakness
3752,wealth,Wealth
3753,weapon,Weapon
3754,wear,Wear
3755,weather,Weather
3756,weave,Weave
3757,web,Web
3758,Web+site,Web+site
3759,wedding,Wedding
3760,weed,Weed
3761,week,Week
3762,weekend,Weekend
3763,weekly,Weekly
3764,weekly,Weekly
3765,weigh,Weigh
3766,weight,Weight
3767,welcome,Welcome
3768,welcome,Welcome
3769,welcome,Welcome
3770,welcome,Welcome
3771,welfare,Welfare
3772,well,Well
3773,well,Well
3774,west,West
3775,west,West
3776,west,West
3777,western,Western
3778,wet,Wet
3779,wetland,Wetland
3780,what,What
3781,what,What
3782,what,What
3783,whatever,Whatever
3784,whatever,Whatever
3785,wheat,Wheat
3786,wheel,Wheel
3787,when,When
3788,when,When
3789,where,Where
3790,where,Where
3791,whether,Whether
3792,which,Which
3793,which,Which
3794,while,While
3795,while,While
3796,whisper,Whisper
3797,whisper,Whisper
3798,whistle,Whistle
3799,whistle,Whistle
3800,white,White
3801,white,White
3802,who,Who
3803,whole,Whole
3804,whole,Whole
3805,whom,Whom
3806,whose,Whose
3807,whose,Whose
3808,why,Why
3809,why,Why
3810,wide,Wide
3811,widely,Widely
3812,widespread,Widespread
3813,width,Width
3814,wife,Wife
3815,wild,Wild
3816,wildlife,Wildlife
3817,will,Will
3818,will,Will
3819,willing,Willing
3820,win,Win
3821,wind,Wind
3822,wind,Wind
3823,windchill,Windchill
3824,windmill,Windmill
3825,window,Window
3826,windowseat,Windowseat
3827,windy,Windy
3828,wine,Wine
3829,wing,Wing
3830,wing,Wing
3831,winner,Winner
3832,winter,Winter
3833,wipe,Wipe
3834,wire,Wire
3835,wisdom,Wisdom
3836,wise,Wise
3837,wish,Wish
3838,wish,Wish
3839,with,With
3840,withdraw,Withdraw
3841,within,Within
3842,without,Without
3843,witness,Witness
3844,witness,Witness
3845,witnessstand,Witnessstand
3846,witty,Witty
3847,wolf,Wolf
3848,woman,Woman
3849,wonder,Wonder
3850,wonder,Wonder
3851,wonderful,Wonderful
3852,wood,Wood
3853,wooden,Wooden
3854,wool,Wool
3855,word,Word
3856,work,Work
3857,work,Work
3858,worker,Worker
3859,world,World
3860,worry,Worry
3861,worry,Worry
3862,worse,Worse
3863,worse,Worse
3864,worse,Worse
3865,worship,Worship
3866,worship,Worship
3867,worst,Worst
3868,worst,Worst
3869,worst,Worst
3870,worth,Worth
3871,worth,Worth
3872,would,Would
3873,wound,Wound
3874,wound,Wound
3875,wrap,Wrap
3876,wrath,Wrath
3877,wreck,Wreck
3878,wreck,Wreck
3879,wrinkle,Wrinkle
3880,wrist,Wrist
3881,write,Write
3882,writer,Writer
3883,writing,Writing
3884,wrong,Wrong
3885,wrong,Wrong
3886,yard,Yard
3887,yawn,Yawn
3888,yawn,Yawn
3889,year,Year
3890,yearly,Yearly
3891,yell,Yell
3892,yellow,Yellow
3893,yellow,Yellow
3894,yes,Yes
3895,yesterday,Yesterday
3896,yesterday,Yesterday
3897,yet,Yet
3898,yet,Yet
3899,you,You
3900,young,Young
3901,your,Your
3902,yours,Yours
3903,yourself,Yourself
3904,youth,Youth
3905,zero,Zero
3906,zone,Zone
3907,zoo,Zoo
